{"cameraMode":{"drawMode":0,"name":"Shaded","section":"Shading Mode"},"sceneLighting":true,"audioPlay":false,"sceneViewState":{"showFog":true,"showMaterialUpdate":false,"showSkybox":true,"showFlares":true,"showImageEffects":true,"showParticleSystems":true},"in2DMode":false,"pivot":{"x":0.019999995827674867,"y":3.1100001335144045,"z":-7.390000343322754},"rotation":{"x":-0.09284833818674088,"y":-0.019414503127336503,"z":0.0018107726937159896,"w":-0.9954893589019775},"size":40.502708435058597,"orthographic":true}