{"cameraMode":{"drawMode":0,"name":"Shaded","section":"Shading Mode"},"sceneLighting":true,"audioPlay":false,"sceneViewState":{"showFog":true,"showMaterialUpdate":false,"showSkybox":true,"showFlares":true,"showImageEffects":true,"showParticleSystems":true},"in2DMode":false,"pivot":{"x":670.9041748046875,"y":476.5,"z":-91.80000305175781},"rotation":{"x":0.2883443236351013,"y":0.004308886826038361,"z":-0.0012975046411156655,"w":0.9575162529945374},"size":614.0106201171875,"orthographic":true}